,branch,college_tier,cgpa,tenth_pct,twelfth_pct,backlogs,internships,projects,coding_problems_solved,certifications,hackathons,communication_score,aptitude_score,placed,p,pred,likely_cause
1261,IT,Tier3,7.65,87.2,74.0,0,0,4,199.0,1,0,5.5,46.8,0,0.7095801848397435,1,confident error: outcome driven by unobserved factors
1179,CSE,Tier3,8.45,93.9,89.9,1,1,4,144.0,0,2,4.4,42.8,0,0.8251882574346657,1,confident error: outcome driven by unobserved factors
324,Mechanical,Tier3,7.53,85.1,80.0,0,2,4,40.0,3,0,6.0,35.7,0,0.7282096147126068,1,confident error: outcome driven by unobserved factors
1852,,Tier3,6.58,85.3,69.4,0,0,0,4.0,4,0,,52.3,1,0.17080886960719596,0,confident error: outcome driven by unobserved factors
2334,IT,Tier2,7.46,79.6,77.6,0,1,2,26.0,1,1,9.3,36.3,0,0.7488727665280496,1,confident error: outcome driven by unobserved factors
1890,CSE,Tier2,5.27,79.4,90.8,3,0,2,98.0,1,0,9.1,46.9,1,0.08477982757510936,0,confident error: outcome driven by unobserved factors
2833,Mechanical,Tier3,7.94,72.8,69.0,1,0,1,36.0,0,0,6.8,,1,0.21093940533625413,0,confident error: outcome driven by unobserved factors
1528,CSE,Tier2,6.06,88.2,75.5,1,1,3,126.0,1,2,6.7,57.4,0,0.7015337479070894,1,confident error: outcome driven by unobserved factors
1740,CSE,Tier2,8.15,82.0,82.5,0,1,3,133.0,4,0,3.5,32.4,0,0.8363046108587864,1,confident error: outcome driven by unobserved factors
940,CSE,Tier1,7.18,83.5,70.3,0,3,2,61.0,2,1,4.7,23.1,0,0.8152632720888633,1,confident error: outcome driven by unobserved factors
2256,Civil,Tier3,5.95,75.5,71.2,0,0,1,46.0,1,3,5.9,52.1,1,0.1749233449075772,0,confident error: outcome driven by unobserved factors
2556,CSE,Tier2,8.32,,74.6,1,2,4,63.0,1,1,5.3,44.7,0,0.831164134784819,1,confident error: outcome driven by unobserved factors
1638,CSE,Tier1,8.24,84.5,73.5,0,1,1,67.0,2,0,5.2,56.5,0,0.8526217369885205,1,confident error: outcome driven by unobserved factors
336,CSE,Tier2,6.55,99.0,77.9,0,1,2,125.0,2,0,6.9,46.6,0,0.7736931324837941,1,confident error: outcome driven by unobserved factors
1391,Mechanical,Tier3,,89.1,81.7,1,1,1,36.0,2,0,5.0,61.6,1,0.2958055442643504,0,confident error: outcome driven by unobserved factors
67,IT,Tier1,7.47,73.8,67.3,0,2,1,254.0,1,0,6.2,42.2,0,0.8247423935919876,1,confident error: outcome driven by unobserved factors
1856,CSE,Tier2,7.19,71.6,83.8,0,0,1,68.0,0,1,9.1,55.3,0,0.7162407667541681,1,confident error: outcome driven by unobserved factors
1540,Mechanical,Tier1,5.82,77.6,81.3,2,1,3,42.0,1,1,5.4,23.1,1,0.12727078234740385,0,confident error: outcome driven by unobserved factors
1175,EEE,Tier2,6.48,73.7,68.8,2,1,2,43.0,2,1,5.8,58.0,1,0.21498142978979293,0,confident error: outcome driven by unobserved factors
1358,EEE,Tier2,7.95,97.8,61.9,0,0,2,62.0,3,1,4.7,54.7,0,0.7429805721856323,1,confident error: outcome driven by unobserved factors
1456,CSE,Tier1,6.36,86.0,64.0,2,3,2,284.0,3,1,6.5,48.9,0,0.7694873148035988,1,confident error: outcome driven by unobserved factors
2727,CSE,Tier2,5.06,99.0,94.9,0,3,1,97.0,2,0,7.2,52.4,0,0.7603868308849824,1,confident error: outcome driven by unobserved factors
2756,Mechanical,Tier1,7.36,76.1,66.0,1,4,2,18.0,4,1,7.4,62.7,0,0.8892932866992986,1,confident error: outcome driven by unobserved factors
2277,CSE,Tier3,8.81,83.7,70.5,0,1,1,60.0,1,1,5.5,68.0,0,0.8401394110597246,1,confident error: outcome driven by unobserved factors
892,,Tier2,7.24,68.9,67.7,0,0,1,45.0,0,1,6.1,31.1,1,0.24471041717649655,0,confident error: outcome driven by unobserved factors
795,IT,Tier3,7.08,87.6,67.2,1,0,1,52.0,2,0,3.6,68.9,1,0.22563873510175336,0,confident error: outcome driven by unobserved factors
2648,EEE,Tier2,6.13,82.8,76.4,3,3,2,51.0,0,3,5.3,24.7,1,0.14263785319735864,0,confident error: outcome driven by unobserved factors
1403,IT,Tier2,7.72,77.6,65.5,0,1,2,83.0,2,1,6.9,47.3,0,0.7895343017475778,1,confident error: outcome driven by unobserved factors
1917,EEE,Tier3,7.65,78.1,95.8,0,1,3,33.0,3,0,4.9,68.9,0,0.7364930602392324,1,confident error: outcome driven by unobserved factors
2276,ECE,Tier2,7.75,99.0,70.9,0,0,3,89.0,2,0,9.2,37.6,0,0.7999243834956705,1,confident error: outcome driven by unobserved factors
2308,ECE,Tier1,6.61,89.8,,0,0,5,63.0,2,1,7.4,32.1,0,0.7509309499727178,1,confident error: outcome driven by unobserved factors
2226,EEE,Tier1,7.76,91.0,89.0,0,1,4,120.0,0,0,6.0,49.4,0,0.8816952150353207,1,confident error: outcome driven by unobserved factors
2995,ECE,Tier2,8.24,81.1,87.0,0,0,2,21.0,1,1,3.9,73.6,0,0.7590784408337387,1,confident error: outcome driven by unobserved factors
2149,CSE,Tier2,5.6,88.8,77.2,0,2,3,104.0,1,1,6.7,43.1,0,0.7425485358541694,1,confident error: outcome driven by unobserved factors
1279,ECE,Tier3,8.14,,94.9,2,2,2,10.0,0,0,7.8,30.9,1,0.2090902477022148,0,confident error: outcome driven by unobserved factors
2459,ECE,Tier1,7.16,68.8,84.1,0,1,3,182.0,1,2,4.0,,0,0.8317001868356141,1,confident error: outcome driven by unobserved factors
1156,CSE,Tier3,6.49,69.5,77.8,2,1,4,205.0,2,0,,41.6,1,0.28684451916744497,0,confident error: outcome driven by unobserved factors
2732,ECE,Tier3,7.16,89.0,79.2,0,2,0,13.0,1,1,5.3,92.6,0,0.7143532847374348,1,confident error: outcome driven by unobserved factors
52,Mechanical,Tier3,7.83,89.6,79.4,1,1,4,117.0,5,0,4.5,56.0,0,0.7101179179905457,1,confident error: outcome driven by unobserved factors
1500,EEE,Tier1,6.84,72.3,78.6,0,1,3,38.0,1,0,6.2,61.6,0,0.700708058937479,1,confident error: outcome driven by unobserved factors
543,Civil,Tier2,8.14,63.7,76.0,0,3,1,98.0,3,1,6.5,58.1,0,0.8243462354125541,1,confident error: outcome driven by unobserved factors
987,CSE,Tier2,8.57,79.8,88.7,0,3,4,128.0,2,1,4.7,50.8,0,0.9734788213158372,1,confident error: outcome driven by unobserved factors
2701,ECE,Tier1,7.51,69.4,73.4,0,3,1,86.0,0,1,4.6,41.5,0,0.7533085019812051,1,confident error: outcome driven by unobserved factors
1583,CSE,Tier3,,86.9,86.2,1,1,4,21.0,3,1,6.4,71.1,0,0.73541979944573,1,confident error: outcome driven by unobserved factors
1565,ECE,Tier3,6.97,81.0,74.0,0,0,4,26.0,2,1,9.8,66.5,0,0.753162998976859,1,confident error: outcome driven by unobserved factors
1838,EEE,Tier1,6.79,74.3,62.7,0,1,1,30.0,2,2,7.5,85.5,0,0.8278478364467113,1,confident error: outcome driven by unobserved factors
2305,IT,Tier3,6.17,82.3,73.6,0,1,0,123.0,1,0,7.6,12.2,1,0.1919645033563772,0,confident error: outcome driven by unobserved factors
1520,,Tier1,7.38,97.6,80.8,0,0,1,128.0,2,0,4.2,72.7,0,0.7115508837400109,1,confident error: outcome driven by unobserved factors
